{"schemaVersion":"1.0","appDefinitionTemplate":{"id":"/providers/Microsoft.PowerApps/apps/","type":"Microsoft.PowerApps/apps","tags":{"minimumRequiredApiVersion":"2.2.0"},"properties":{"appVersion":"2019-05-29T18:26:59Z","lifeCycleId":"Published","createdByClientVersion":{"major":3,"minor":19052,"build":18,"revision":0,"majorRevision":0,"minorRevision":0},"minClientVersion":{"major":3,"minor":19052,"build":18,"revision":0,"majorRevision":0,"minorRevision":0},"backgroundColor":"rgba(1, 131, 134, 1)","backgroundImageUri":"/13531315036085582577/N3794d6e2-25eb-4258-8429-3f7cb675e7bb-N4f5c2f98-6ee1-4dbb-b82f-a812ce4ac0e4-logoSmallFile","displayName":"Dipak Calculator","description":"This is a Standard calculator.","appUris":{"documentUri":{"value":"/13531315036085582577/Nd7dc6266-0443-40ef-95c3-0b221dacc145-N23b33980-636d-444a-9b0f-0e7f06fd6a99-document.msapp","readonlyValue":"/13531315036085582577/Nd7dc6266-0443-40ef-95c3-0b221dacc145-N23b33980-636d-444a-9b0f-0e7f06fd6a99-document.msapp"},"imageUris":[]},"createdTime":"0001-01-01T00:00:00Z","lastModifiedTime":"0001-01-01T00:00:00Z","sharedGroupsCount":0,"sharedUsersCount":0,"icons":{"smallIconUri":"/13531315036085582577/N931f5d38-48cf-400f-a900-d9c014612f24-Nf44ff5f5-cc2b-4c6f-a853-d13236465aa7-small.png","mediumIconUri":"/13531315036085582577/N2c95e693-1605-43ac-8ff7-d97bef93fb04-Nbf2f3ebe-fe7c-4bff-937f-bd3ff6d43efa-medium.png","largeIconUri":"/13531315036085582577/Nf042993f-73d7-4e47-95a7-cedbeb467b14-N8460a1f3-7fa1-4b1f-a014-3e2b56f2634b-large.png","wideIconUri":"/13531315036085582577/N8b287b49-d69f-4f1b-bea5-fb1354038357-Nfd15e62e-572c-4dcb-b9ed-f032b33a03fa-wide.png"},"connectionReferences":{},"almMode":"Environment"}}}